type,name,latitude_deg,longitude_deg,elevation_ft,municipality,iata_code,home_link
large_airport,John F Kennedy International Airport,40.63980103,-73.77890015,13,New York,JFK,http://www.panynj.gov/CommutingTravel/airports/html/kennedy.html
large_airport,Los Angeles International Airport,33.94250107,-118.4079971,125,Los Angeles,LAX,http://www.iflylax.com/
large_airport,Dallas Fort Worth International Airport,32.896801,-97.038002,607,Dallas-Fort Worth,DFW,https://www.dfwairport.com/
large_airport,Will Rogers World Airport,35.39310074,-97.60070038,1295,Oklahoma City,OKC,
medium_airport,Kahului Airport,20.8986,-156.429993,54,Kahului,OGG,
large_airport,Daniel K Inouye International Airport,21.32062,-157.924228,13,Honolulu,HNL,http://airports.hawaii.gov/hnl/
large_airport,San Francisco International Airport,37.61899948,-122.375,13,San Francisco,SFO,http://www.flysfo.com/
large_airport,Miami International Airport,25.79319954,-80.29060364,8,Miami,MIA,http://www.miami-airport.com/
large_airport,Chicago O'Hare International Airport,41.9786,-87.9048,672,Chicago,ORD,https://www.flychicago.com/ohare/home/pages/default.aspx
large_airport,George Bush Intercontinental Houston Airport,29.9843998,-95.34140015,97,Houston,IAH,http://www.fly2houston.com/iah
large_airport,General Edward Lawrence Logan International Airport,42.36429977,-71.00520325,20,Boston,BOS,http://www.massport.com/logan/
large_airport,Detroit Metropolitan Wayne County Airport,42.21239853,-83.35340118,645,Detroit,DTW,http://www.metroairport.com/
large_airport,Seattle Tacoma International Airport,47.449001,-122.308998,433,Seattle,SEA,http://www.portseattle.org/seatac/
large_airport,Minneapolis-St Paul International/Wold-Chamberlain Airport,44.882,-93.221802,841,Minneapolis,MSP,http://www.mspairport.com/
large_airport,St Louis Lambert International Airport,38.748697,-90.370003,618,St Louis,STL,https://www.flystl.com/
large_airport,Orlando International Airport,28.42939949,-81.30899811,96,Orlando,MCO,http://www.orlandoairports.net/
medium_airport,Ellison Onizuka Kona International At Keahole Airport,19.738783,-156.045603,47,Kailua/Kona,KOA,
large_airport,McCarran International Airport,36.08010101,-115.1520004,2181,Las Vegas,LAS,http://www.mccarran.com/
large_airport,Memphis International Airport,35.04240036,-89.97669983,341,Memphis,MEM,
large_airport,Portland International Airport,45.58869934,-122.5979996,31,Portland,PDX,
large_airport,Ronald Reagan Washington National Airport,38.8521,-77.037697,15,Washington,DCA,http://www.flyreagan.com/dca/reagan-national-airport
large_airport,San Diego International Airport,32.73360062,-117.1900024,17,San Diego,SAN,http://www.san.org/
large_airport,Tucson International Airport,32.11610031,-110.9410019,2643,Tucson,TUS,
large_airport,Charlotte Douglas International Airport,35.2140007,-80.94309998,748,Charlotte,CLT,http://www.charlotteairport.com/
large_airport,Norman Y. Mineta San Jose International Airport,37.362598,-121.929001,62,San Jose,SJC,http://www.flysanjose.com/
large_airport,Phoenix Sky Harbor International Airport,33.43429947,-112.012001,1135,Phoenix,PHX,http://phoenix.gov/skyharborairport/
large_airport,John Wayne Airport-Orange County Airport,33.67570114,-117.8679962,56,Santa Ana,SNA,http://www.ocair.com/
large_airport,La Guardia Airport,40.77719879,-73.87259674,21,New York,LGA,http://www.panynj.gov/CommutingTravel/airports/html/laguardia.html
large_airport,Hartsfield Jackson Atlanta International Airport,33.6367,-84.428101,1026,Atlanta,ATL,http://www.atlanta-airport.com/
large_airport,City of Colorado Springs Municipal Airport,38.805801,-104.700996,6187,Colorado Springs,COS,https://flycos.coloradosprings.gov/
large_airport,Raleigh Durham International Airport,35.87760162,-78.78749847,435,Raleigh/Durham,RDU,
large_airport,Austin Bergstrom International Airport,30.19449997,-97.66989899,542,Austin,AUS,http://www.ci.austin.tx.us/austinairport/
large_airport,Philadelphia International Airport,39.87189865,-75.2410965,36,Philadelphia,PHL,http://www.phl.org/
medium_airport,Lihue Airport,21.97599983,-159.3390045,153,Lihue,LIH,
large_airport,Denver International Airport,39.86169815,-104.6729965,5431,Denver,DEN,http://www.flydenver.com/
large_airport,Norfolk International Airport,36.89459991,-76.20120239,26,Norfolk,ORF,
large_airport,Fort Lauderdale Hollywood International Airport,26.072599,-80.152702,9,Fort Lauderdale,FLL,http://www.broward.org/airport
large_airport,Palm Beach International Airport,26.68320084,-80.09559631,19,West Palm Beach,PBI,
large_airport,Newark Liberty International Airport,40.69250107,-74.16870117,18,Newark,EWR,http://www.panynj.gov/CommutingTravel/airports/html/newarkliberty.html
large_airport,Ontario International Airport,34.05599976,-117.6009979,944,Ontario,ONT,
large_airport,Indianapolis International Airport,39.7173,-86.294403,797,Indianapolis,IND,http://www.indianapolisairport.com/
large_airport,Washington Dulles International Airport,38.94449997,-77.45580292,312,Washington,IAD,http://www.mwaa.com/dulles/
large_airport,San Antonio International Airport,29.53370094,-98.46980286,809,San Antonio,SAT,
large_airport,Baltimore/Washington International Thurgood Marshall Airport,39.1754,-76.668297,146,Baltimore,BWI,https://www.bwiairport.com/
large_airport,Kansas City International Airport,39.2976,-94.713898,1026,Kansas City,MCI,http://www.flykci.com/
large_airport,Sacramento International Airport,38.69540024,-121.5910034,27,Sacramento,SMF,
large_airport,Des Moines International Airport,41.5340004,-93.6631012,958,Des Moines,DSM,
medium_airport,Eagle County Regional Airport,39.64260101,-106.9179993,6548,Eagle,EGE,http://www.eaglecounty.us/airport/
large_airport,Salt Lake City International Airport,40.78839874,-111.9779968,4227,Salt Lake City,SLC,
large_airport,Tampa International Airport,27.97550011,-82.53320313,26,Tampa,TPA,
large_airport,Nashville International Airport,36.12450027,-86.67819977,599,Nashville,BNA,
large_airport,Bradley International Airport,41.93889999,-72.68319702,173,Hartford,BDL,http://www.bradleyairport.com/
medium_airport,Fresno Yosemite International Airport,36.77619934,-119.7180023,336,Fresno,FAT,
medium_airport,Mc Allen Miller International Airport,26.17580032,-98.23860168,107,Mc Allen,MFE,
large_airport,Southwest Florida International Airport,26.53619957,-81.75520325,30,Fort Myers,RSW,http://www.flylcpa.com/
large_airport,Reno Tahoe International Airport,39.49909973,-119.7679977,4415,Reno,RNO,
large_airport,James M Cox Dayton International Airport,39.90240097,-84.2193985,1009,Dayton,DAY,
large_airport,Louisville International Standiford Field,38.1744,-85.736,501,Louisville,SDF,http://www.flylouisville.com
large_airport,Pittsburgh International Airport,40.49150085,-80.23290253,1203,Pittsburgh,PIT,
large_airport,Tulsa International Airport,36.19839859,-95.88809967,677,Tulsa,TUL,
large_airport,Louis Armstrong New Orleans International Airport,29.99340057,-90.25800323,4,New Orleans,MSY,
large_airport,Albuquerque International Sunport,35.040199,-106.609001,5355,Albuquerque,ABQ,http://www.abqsunport.com/
large_airport,Richmond International Airport,37.50519943,-77.31970215,167,Richmond,RIC,
large_airport,Charleston Air Force Base-International Airport,32.89860153,-80.04049683,46,Charleston,CHS,
large_airport,Theodore Francis Green State Airport,41.732601,-71.420403,55,Providence,PVD,
large_airport,Jacksonville International Airport,30.49410057,-81.68789673,30,Jacksonville,JAX,
large_airport,Buffalo Niagara International Airport,42.94049835,-78.73220062,728,Buffalo,BUF,
medium_airport,Albany International Airport,42.74829865,-73.80169678,285,Albany,ALB,http://www.albanyairport.com/
large_airport,Cleveland Hopkins International Airport,41.4117012,-81.84980011,791,Cleveland,CLE,http://www.clevelandairport.com/
large_airport,Metropolitan Oakland International Airport,37.721298,-122.221001,9,Oakland,OAK,http://www.oaklandairport.com/
medium_airport,Wilmington International Airport,34.27059937,-77.90260315,32,Wilmington,ILM,
medium_airport,Harrisburg International Airport,40.19350052,-76.76339722,310,Harrisburg,MDT,http://www.flyhia.com/
large_airport,Syracuse Hancock International Airport,43.11119843,-76.10630035,421,Syracuse,SYR,http://www.syrairport.org/
large_airport,Ted Stevens Anchorage International Airport,61.17440033,-149.9960022,152,Anchorage,ANC,
medium_airport,Nome Airport,64.5121994,-165.4450073,37,Nome,OME,
large_airport,Fairbanks International Airport,64.81510162,-147.8560028,439,Fairbanks,FAI,
large_airport,Spokane International Airport,47.61989975,-117.5339966,2376,Spokane,GEG,
medium_airport,Merle K (Mudhole) Smith Airport,60.4917984,-145.4779968,54,Cordova,CDV,
medium_airport,Ketchikan International Airport,55.35559845,-131.7140045,89,Ketchikan,KTN,
medium_airport,Bob Hope Airport,34.20069885,-118.3590012,778,Burbank,BUR,
medium_airport,Bethel Airport,60.77980042,-161.8379974,126,Bethel,BET,
medium_airport,Juneau International Airport,58.35499954,-134.576004,21,Juneau,JNU,
medium_airport,Sitka Rocky Gutierrez Airport,57.04710007,-135.3619995,21,Sitka,SIT,
medium_airport,Deadhorse Airport,70.19470215,-148.4649963,65,Deadhorse,SCC,
medium_airport,Yakutat Airport,59.50329971,-139.6600037,33,Yakutat,YAK,
medium_airport,Ralph Wien Memorial Airport,66.88469696,-162.598999,14,Kotzebue,OTZ,
medium_airport,Palm Springs International Airport,33.82970047,-116.5070038,477,Palm Springs,PSP,http://www.palmspringsca.gov/index.aspx?page=270
medium_airport,Bellingham International Airport,48.7928009,-122.538002,170,Bellingham,BLI,
medium_airport,Kodiak Airport,57.75,-152.4940033,78,Kodiak,ADQ,
medium_airport,Wiley Post Will Rogers Memorial Airport,71.285402,-156.766008,44,Utqiaġvik,BRW,
medium_airport,Wrangell Airport,56.48429871,-132.3699951,49,Wrangell,WRG,
medium_airport,Long Beach /Daugherty Field/ Airport,33.81769943,-118.1520004,60,Long Beach,LGB,http://www.lgb.org/
large_airport,Greater Rochester International Airport,43.1189003,-77.67240143,559,Rochester,ROC,
large_airport,Portland International Jetport Airport,43.64619827,-70.30930328,76,Portland,PWM,
medium_airport,Westchester County Airport,41.06700134,-73.70760345,439,White Plains,HPN,
medium_airport,Stewart International Airport,41.5041008,-74.10479736,491,Newburgh,SWF,
large_airport,Daytona Beach International Airport,29.179899,-81.058098,34,Daytona Beach,DAB,
large_airport,William P Hobby Airport,29.64539909,-95.27890015,46,Houston,HOU,http://www.fly2houston.com/hobbyHome
medium_airport,Gallatin Field,45.77750015,-111.1529999,4473,Bozeman,BZN,
large_airport,Blue Grass Airport,38.03649902,-84.60590363,979,Lexington,LEX,http://www.bluegrassairport.com/
large_airport,Sarasota Bradenton International Airport,27.39539909,-82.55439758,30,Sarasota/Bradenton,SRQ,
large_airport,Cincinnati Northern Kentucky International Airport,39.04880142,-84.6678009,896,Cincinnati,CVG,
large_airport,Huntsville International Carl T Jones Field,34.6371994,-86.77510071,629,Huntsville,HSV,http://www.flyhuntsville.com/portal/#.VbaG-_lVhBc
medium_airport,Jackson Hole Airport,43.6072998,-110.737999,6451,Jackson,JAC,
medium_airport,Joe Foss Field Airport,43.58200073,-96.74189758,1429,Sioux Falls,FSD,http://www.sfairport.com/
medium_airport,Montrose Regional Airport,38.50979996,-107.8939972,5759,Montrose,MTJ,
large_airport,Destin-Ft Walton Beach Airport,30.4832,-86.525398,87,Valparaiso,VPS,http://www.flyvps.com/
large_airport,Billings Logan International Airport,45.80770111,-108.5429993,3652,Billings,BIL,
medium_airport,Key West International Airport,24.55610085,-81.75959778,3,Key West,EYW,
large_airport,McGhee Tyson Airport,35.81100082,-83.9940033,981,Knoxville,TYS,
medium_airport,Gerald R. Ford International Airport,42.88079834,-85.52279663,794,Grand Rapids,GRR,
large_airport,The Eastern Iowa Airport,41.88470078,-91.71080017,869,Cedar Rapids,CID,
large_airport,Eppley Airfield,41.3032,-95.894096,984,Omaha,OMA,
medium_airport,Hector International Airport,46.92070007,-96.81580353,902,Fargo,FAR,http://www.fargoairport.com/
small_airport,Yampa Valley Airport,40.48120117,-107.2180023,6606,Hayden,HDN,
large_airport,Gulfport Biloxi International Airport,30.40730095,-89.07009888,28,Gulfport,GPT,
large_airport,Tallahassee Regional Airport,30.39649963,-84.35030365,81,Tallahassee,TLH,
large_airport,Savannah Hilton Head International Airport,32.12760162,-81.20210266,50,Savannah,SAV,
large_airport,Dane County Regional Truax Field,43.13990021,-89.33750153,887,Madison,MSN,
medium_airport,Missoula International Airport,46.91630173,-114.0910034,3206,Missoula,MSO,
large_airport,Lafayette Regional Airport,30.20529938,-91.98760223,42,Lafayette,LFT,http://www.lftairport.com/Home
medium_airport,Bismarck Municipal Airport,46.77270126,-100.7460022,1661,Bismarck,BIS,http://bismarckairport.com/
large_airport,Bill & Hillary Clinton National Airport/Adams Field,34.72940063,-92.22429657,262,Little Rock,LIT,
large_airport,Columbia Metropolitan Airport,33.93880081,-81.11949921,236,Columbia,CAE,
medium_airport,Northwest Florida Beaches International Airport,30.357106,-85.795414,69,Panama City Beach,ECP,http://iflybeaches.com
medium_airport,Northwest Arkansas Regional Airport,36.281898,-94.306801,1287,Fayetteville/Springdale/Rogers,XNA,http://www.flyxna.com/
medium_airport,Gainesville Regional Airport,29.69009972,-82.27179718,152,Gainesville,GNV,
large_airport,General Mitchell International Airport,42.94720078,-87.89659882,723,Milwaukee,MKE,
medium_airport,Pensacola Regional Airport,30.47340012,-87.18659973,121,Pensacola,PNS,http://www.flypensacola.com/
small_airport,Appleton International Airport,44.2580986,-88.51909637,918,Appleton,ATW,http://atwairport.com/
large_airport,John Glenn Columbus International Airport,39.998001,-82.891899,815,Columbus,CMH,https://flycolumbus.com/
medium_airport,Bishop International Airport,42.9654007,-83.74359894,782,Flint,FNT,
large_airport,Springfield Branson National Airport,37.24570084,-93.38860321,1268,Springfield,SGF,
large_airport,Wichita Eisenhower National Airport,37.649899,-97.433098,1333,Wichita,ICT,
large_airport,Greenville Spartanburg International Airport,34.89569855,-82.21890259,964,Greenville,GSP,
large_airport,Boise Air Terminal/Gowen Field,43.5644,-116.223,2871,Boise,BOI,http://www.cityofboise.org/departments/airport/
large_airport,Dallas Love Field,32.847099,-96.851799,487,Dallas,DAL,http://www.dallas-lovefield.com/
large_airport,Chicago Midway International Airport,41.785999,-87.752403,620,Chicago,MDW,https://www.flychicago.com/midway/home/pages/default.aspx
large_airport,Yeager Airport,38.37310028,-81.59320068,981,Charleston,CRW,
large_airport,Jackson-Medgar Wiley Evers International Airport,32.31119919,-90.07589722,346,Jackson,JAN,
large_airport,Piedmont Triad International Airport,36.09780121,-79.93730164,925,Greensboro,GSO,
large_airport,Mobile Regional Airport,30.69120026,-88.24279785,219,Mobile,MOB,http://www.mobairport.com/
medium_airport,Melbourne International Airport,28.10280037,-80.64530182,33,Melbourne,MLB,
large_airport,Birmingham-Shuttlesworth International Airport,33.56290054,-86.75350189,650,Birmingham,BHM,http://www.flybirmingham.com/
medium_airport,Myrtle Beach International Airport,33.67969894,-78.92829895,25,Myrtle Beach,MYR,
medium_airport,Baton Rouge Metropolitan Airport,30.533199,-91.149597,70,Baton Rouge,BTR,
medium_airport,Lake Charles Regional Airport,30.12610054,-93.22329712,15,Lake Charles,LCH,
medium_airport,Cherry Capital Airport,44.74140167,-85.5821991,624,Traverse City,TVC,
large_airport,Lovell Field,35.03530121,-85.20379639,683,Chattanooga,CHA,
medium_airport,Akron Canton Regional Airport,40.91609955,-81.44219971,1228,Akron,CAK,
medium_airport,Easterwood Field,30.58860016,-96.36380005,320,College Station,CLL,
medium_airport,Shreveport Regional Airport,32.446602,-93.8256,258,Shreveport,SHV,
medium_airport,Lincoln Airport,40.85100174,-96.75920105,1219,Lincoln,LNK,http://www.lincolnairport.com/
large_airport,Lubbock Preston Smith International Airport,33.663601,-101.822998,3282,Lubbock,LBB,http://www.flylia.com/
large_airport,Asheville Regional Airport,35.43619919,-82.54180145,2165,Asheville,AVL,
medium_airport,Alexandria International Airport,31.32740021,-92.54979706,89,Alexandria,AEX,
medium_airport,Central Wisconsin Airport,44.77759933,-89.66680145,1277,Mosinee,CWA,
medium_airport,Kalamazoo Battle Creek International Airport,42.23490143,-85.55210114,874,Kalamazoo,AZO,
medium_airport,Brownsville South Padre Island International Airport,25.90679932,-97.42590332,22,Brownsville,BRO,
large_airport,General Wayne A. Downing Peoria International Airport,40.66419983,-89.69329834,660,Peoria,PIA,
medium_airport,Burlington International Airport,44.47190094,-73.15329742,335,Burlington,BTV,http://www.vermontairports.com/btv.html
large_airport,South Bend Regional Airport,41.70869827,-86.31729889,799,South Bend,SBN,
large_airport,Manchester-Boston Regional Airport,42.932598,-71.435699,266,Manchester,MHT,
large_airport,Rick Husband Amarillo International Airport,35.219398,-101.706001,3607,Amarillo,AMA,http://airport.amarillo.gov/
medium_airport,Valley International Airport,26.22850037,-97.65440369,36,Harlingen,HRL,
medium_airport,Midland International Airport,31.94249916,-102.2020035,2871,Midland,MAF,
medium_airport,Evansville Regional Airport,38.03699875,-87.53240204,418,Evansville,EVV,
large_airport,Monroe Regional Airport,32.51089859,-92.03769684,79,Monroe,MLU,
medium_airport,Laredo International Airport,27.54380035,-99.46160126,508,Laredo,LRD,
medium_airport,Trenton Mercer Airport,40.27669907,-74.81349945,213,Trenton,TTN,
small_airport,Charlotte County Airport,26.92020035,-81.9905014,26,Punta Gorda,PGD,http://www.flypgd.com/
medium_airport,Hilo International Airport,19.72139931,-155.0480042,38,Hilo,ITO,
medium_airport,Arnold Palmer Regional Airport,40.27590179,-79.40480042,1199,Latrobe,LBE,
medium_airport,Niagara Falls International Airport,43.1072998,-78.94619751,589,Niagara Falls,IAG,
medium_airport,Atlantic City International Airport,39.45759964,-74.57720184,75,Atlantic City,ACY,
medium_airport,Plattsburgh International Airport,44.65090179,-73.4681015,234,Plattsburgh,PBG,http://www.plattsburghinternationalairport.com/
medium_airport,Roberts Field,44.2541008,-121.1500015,3080,Redmond,RDM,
medium_airport,Rogue Valley International Medford Airport,42.37419891,-122.8730011,1335,Medford,MFR,
medium_airport,Santa Barbara Municipal Airport,34.42620087,-119.8399963,13,Santa Barbara,SBA,
medium_airport,Casper-Natrona County International Airport,42.908001,-106.463997,5350,Casper,CPR,
medium_airport,Glacier Park International Airport,48.3105011,-114.2559967,2977,Kalispell,FCA,http://www.iflyglacier.com/
medium_airport,Mahlon Sweet Field,44.12459946,-123.211998,374,Eugene,EUG,
medium_airport,Aspen-Pitkin Co/Sardy Field,39.22320175,-106.8690033,7820,Aspen,ASE,http://aspenairport.com/
medium_airport,California Redwood Coast-Humboldt County Airport,40.978101,-124.109,221,Arcata/Eureka,ACV,
medium_airport,Joslin Field Magic Valley Regional Airport,42.4818,-114.487999,4154,Twin Falls,TWF,
medium_airport,Pocatello Regional Airport,42.90980148,-112.5960007,4452,Pocatello,PIH,
medium_airport,Flagstaff Pulliam Airport,35.13850021,-111.6709976,7014,Flagstaff,FLG,
small_airport,Durango La Plata County Airport,37.1515007,-107.7539978,6685,Durango,DRO,http://www.durangogov.org/airport/index.cfm
medium_airport,Grand Junction Regional Airport,39.12239838,-108.5270004,4858,Grand Junction,GJT,http://www.gjairport.com/
medium_airport,Monterey Peninsula Airport,36.5870018,-121.8430023,257,Monterey,MRY,
medium_airport,Yuma MCAS/Yuma International Airport,32.65660095,-114.6060028,213,Yuma,YUM,
medium_airport,Charlottesville Albemarle Airport,38.1385994,-78.45290375,639,Charlottesville,CHO,
medium_airport,St George Municipal Airport,37.036389,-113.510306,2941,St George,SGU,http://www.sgcity.org/departments/publicworks/airport/
medium_airport,Rapid City Regional Airport,44.04529953,-103.0569992,3204,Rapid City,RAP,
medium_airport,Minot International Airport,48.25939941,-101.2799988,1716,Minot,MOT,
medium_airport,Tri Cities Airport,46.26470184,-119.1190033,410,Pasco,PSC,
medium_airport,Lehigh Valley International Airport,40.65209961,-75.44080353,393,Allentown,ABE,
large_airport,Central Illinois Regional Airport at Bloomington-Normal,40.47710037,-88.91590118,871,Bloomington/Normal,BMI,
medium_airport,Idaho Falls Regional Airport,43.514599,-112.070999,4744,Idaho Falls,IDA,
large_airport,Fort Wayne International Airport,40.97850037,-85.19509888,814,Fort Wayne,FWA,https://fwairport.com/
medium_airport,Grand Forks International Airport,47.949299,-97.176102,845,Grand Forks,GFK,http://www.gfkairport.com/
medium_airport,Friedman Memorial Airport,43.50439835,-114.2959976,5318,Hailey,SUN,
medium_airport,Houghton County Memorial Airport,47.16839981,-88.4890976,1095,Hancock,CMX,
medium_airport,San Luis County Regional Airport,35.23680115,-120.6419983,212,San Luis Obispo,SBP,http://www.sloairport.com/
medium_airport,Gillette Campbell County Airport,44.34889984,-105.5390015,4365,Gillette,GCC,http://www.iflygillette.com/
large_airport,MBS International Airport,43.53290176,-84.07959747,668,Saginaw,MBS,http://www.mbsairport.org/
medium_airport,Southwest Wyoming Regional Airport,41.5942,-109.065001,6764,Rock Springs,RKS,
small_airport,Devils Lake Regional Airport,48.11420059,-98.90879822,1456,Devils Lake,DVL,http://www.devilslakeairport.com/
medium_airport,Jamestown Regional Airport,46.92969894,-98.67819977,1500,Jamestown,JMS,
medium_airport,Southwest Oregon Regional Airport,43.417099,-124.2460022,17,North Bend,OTH,
medium_airport,University Park Airport,40.84930038,-77.84870148,1239,State College,SCE,http://universityparkairport.com/
medium_airport,Redding Municipal Airport,40.50899887,-122.2929993,505,Redding,RDD,
medium_airport,Aberdeen Regional Airport,45.44910049,-98.42179871,1302,Aberdeen,ABR,
medium_airport,Bemidji Regional Airport,47.50939941,-94.93370056,1391,Bemidji,BJI,http://www.bemidjiairport.org/
medium_airport,Yellowstone Regional Airport,44.52019882,-109.0240021,5102,Cody,COD,http://www.flyyra.com/
small_airport,Delta County Airport,45.72269821,-87.09369659,609,Escanaba,ESC,
medium_airport,Elko Regional Airport,40.82490158,-115.7919998,5140,Elko,EKO,
medium_airport,Bert Mooney Airport,45.95479965,-112.4970016,5550,Butte,BTM,
medium_airport,Falls International Airport,48.56620026,-93.40309906,1185,International Falls,INL,
medium_airport,Roswell International Air Center Airport,33.30160141,-104.5309982,3671,Roswell,ROW,
medium_airport,El Paso International Airport,31.80719948,-106.3779984,3959,El Paso,ELP,
medium_airport,Helena Regional Airport,46.60680008,-111.9830017,3877,Helena,HLN,
medium_airport,Capital City Airport,42.77870178,-84.58740234,861,Lansing,LAN,
large_airport,Duluth International Airport,46.84209824,-92.19360352,1428,Duluth,DLH,http://www.duluthairport.com/
medium_airport,Chippewa Valley Regional Airport,44.86579895,-91.48429871,913,Eau Claire,EAU,
large_airport,Abraham Lincoln Capital Airport,39.84410095,-89.67790222,598,Springfield,SPI,
large_airport,Austin Straubel International Airport,44.48509979,-88.12960052,695,Green Bay,GRB,
medium_airport,Meadows Field,35.43360138,-119.0569992,510,Bakersfield,BFL,
medium_airport,Ithaca Tompkins Regional Airport,42.49100113,-76.45839691,1099,Ithaca,ITH,
large_airport,Range Regional Airport,47.38660049,-92.83899689,1354,Hibbing,HIB,
medium_airport,Brainerd Lakes Regional Airport,46.39830017,-94.13809967,1232,Brainerd,BRD,http://brainerdairport.com/
medium_airport,Chippewa County International Airport,46.25080109,-84.47239685,800,Sault Ste Marie,CIU,
medium_airport,Laramie Regional Airport,41.31209946,-105.6750031,7284,Laramie,LAR,
medium_airport,Hays Regional Airport,38.84220123,-99.27320099,1999,Hays,HYS,
medium_airport,Alpena County Regional Airport,45.0780983,-83.56030273,690,Alpena,APN,
medium_airport,Pellston Regional Airport of Emmet County Airport,45.57089996,-84.79669952,721,Pellston,PLN,
medium_airport,Sawyer International Airport,46.35359955,-87.395401,1221,Marquette,MQT,http://www.sawyerairport.com/
medium_airport,Great Falls International Airport,47.48199844,-111.3710022,3680,Great Falls,GTF,
large_airport,Augusta Regional At Bush Field,33.36989975,-81.96450043,144,Augusta,AGS,
large_airport,Erie International Tom Ridge Field,42.08312701,-80.17386675,732,Erie,ERI,
medium_airport,Wilkes Barre Scranton International Airport,41.33850098,-75.7233963,962,Wilkes-Barre/Scranton,AVP,http://www.flyavp.com/
small_airport,Muskegon County Airport,43.16949844,-86.23819733,629,Muskegon,MKG,
medium_airport,Cedar City Regional Airport,37.70100021,-113.098999,5622,Cedar City,CDC,
large_airport,Quad City International Airport,41.44850159,-90.50749969,590,Moline,MLI,
medium_airport,Santa Fe Municipal Airport,35.61709976,-106.0889969,6348,Santa Fe,SAF,
medium_airport,Lewiston Nez Perce County Airport,46.37450027,-117.0149994,1442,Lewiston,LWS,
large_airport,Rochester International Airport,43.90829849,-92.5,1317,Rochester,RST,
medium_airport,Rhinelander Oneida County Airport,45.63119888,-89.46749878,1624,Rhinelander,RHI,
small_airport,Mammoth Yosemite Airport,37.62409973,-118.8379974,7135,Mammoth Lakes,MMH,
medium_airport,Greater Binghamton/Edwin A Link field,42.20869827,-75.97979736,1636,Binghamton,BGM,http://binghamtonairport.com/
small_airport,Ford Airport,45.81840134,-88.11450195,1182,Iron Mountain / Kingsford,IMT,http://www.fordairport.org/
small_airport,Gunnison Crested Butte Regional Airport,38.53390121,-106.9329987,7680,Gunnison,GUC,
large_airport,Corpus Christi International Airport,27.77039909,-97.50119781,44,Corpus Christi,CRP,
medium_airport,Long Island Mac Arthur Airport,40.79520035,-73.10019684,99,Islip,ISP,
medium_airport,Petersburg James A Johnson Airport,56.80170059,-132.9450073,111,Petersburg,PSG,
medium_airport,Worcester Regional Airport,42.26729965,-71.8757019,1009,Worcester,ORH,
large_airport,Newport News Williamsburg International Airport,37.13190079,-76.49299622,42,Newport News,PHF,
large_airport,Fort Smith Regional Airport,35.33660126,-94.36740112,469,Fort Smith,FSM,
medium_airport,Central Nebraska Regional Airport,40.96749878,-98.30960083,1847,Grand Island,GRI,
medium_airport,Garden City Regional Airport,37.92750168,-100.723999,2891,Garden City,GCK,
medium_airport,Waco Regional Airport,31.61129951,-97.23049927,516,Waco,ACT,
medium_airport,Lawton Fort Sill Regional Airport,34.56769943,-98.41660309,1110,Lawton,LAW,
medium_airport,Texarkana Regional Webb Field,33.45370102,-93.99099731,390,Texarkana,TXK,
large_airport,Sheppard Air Force Base-Wichita Falls Municipal Airport,33.9888,-98.491898,1019,Wichita Falls,SPS,http://www.flywichitafalls.net/
medium_airport,San Angelo Regional Mathis Field,31.35770035,-100.4960022,1919,San Angelo,SJT,
medium_airport,Southeast Texas Regional Airport,29.95079994,-94.02069855,15,Beaumont/Port Arthur,BPT,
medium_airport,East Texas Regional Airport,32.38399887,-94.71150208,365,Longview,GGG,
medium_airport,Tyler Pounds Regional Airport,32.35409927,-95.40239716,544,Tyler,TYR,
medium_airport,Key Field,32.33259964,-88.75189972,297,Meridian,MEI,
medium_airport,Hattiesburg Laurel Regional Airport,31.46710014,-89.33709717,298,Hattiesburg/Laurel,PIB,
large_airport,Roanoke–Blacksburg Regional Airport,37.3255,-79.975403,1175,Roanoke,ROA,http://www.roanokeairport.com/
medium_airport,Southwest Georgia Regional Airport,31.53549957,-84.19450378,197,Albany,ABY,
large_airport,Montgomery Regional (Dannelly Field) Airport,32.30059814,-86.39399719,221,Montgomery,MGM,http://www.flymgm.com/
medium_airport,Dothan Regional Airport,31.32130051,-85.44960022,401,Dothan,DHN,
medium_airport,Fayetteville Regional Grannis Field,34.99119949,-78.88030243,189,Fayetteville,FAY,
medium_airport,Elmira Corning Regional Airport,42.15990067,-76.89160156,954,Elmira/Corning,ELM,
medium_airport,Brunswick Golden Isles Airport,31.25880051,-81.46649933,26,Brunswick,BQK,
medium_airport,Valdosta Regional Airport,30.78249931,-83.27670288,203,Valdosta,VLD,
medium_airport,Coastal Carolina Regional Airport,35.07300186,-77.04290009,18,New Bern,EWN,
medium_airport,Albert J Ellis Airport,34.82920074,-77.61209869,94,Jacksonville,OAJ,
medium_airport,Golden Triangle Regional Airport,33.45029831,-88.59140015,264,Columbus/W Point/Starkville,GTR,
large_airport,Tri-Cities Regional TN/VA Airport,36.475201,-82.407401,1519,Bristol/Johnson/Kingsport,TRI,
medium_airport,Barkley Regional Airport,37.06079865,-88.77380371,410,Paducah,PAH,
medium_airport,Sloulin Field International Airport,48.17789841,-103.6419983,1982,Williston,ISN,
medium_airport,Adak Airport,51.87799835,-176.6459961,18,Adak Island,ADK,
medium_airport,Abilene Regional Airport,32.41130066,-99.68190002,1791,Abilene,ABI,
medium_airport,Robert Gray  Army Air Field Airport,31.06719971,-97.8289032,1015,Fort Hood/Killeen,GRK,
medium_airport,Lea County Regional Airport,32.6875,-103.2170029,3661,Hobbs,HOB,
medium_airport,Columbus Metropolitan Airport,32.5163002,-84.93890381,397,Columbus,CSG,
medium_airport,Charles M. Schulz Sonoma County Airport,38.50899887,-122.8130035,128,Santa Rosa,STS,http://www.sonomacountyairport.org/
medium_airport,La Crosse Municipal Airport,43.879002,-91.256699,655,La Crosse,LSE,http://www.lseairport.com/
small_airport,Laughlin Bullhead International Airport,35.15739822,-114.5599976,701,Bullhead City,IFP,
medium_airport,Columbia Regional Airport,38.81809998,-92.21959686,889,Columbia,COU,
large_airport,Bangor International Airport,44.80739975,-68.82810211,192,Bangor,BGR,
medium_airport,Northeast Florida Regional Airport,29.9592,-81.339798,10,St Augustine,UST,http://www.flynf.com/
large_airport,Toledo Express Airport,41.58679962,-83.80780029,683,Toledo,TOL,
medium_airport,Waterloo Regional Airport,42.55709839,-92.40029907,873,Waterloo,ALO,
medium_airport,Manhattan Regional Airport,39.14099884,-96.67079926,1057,Manhattan,MHK,
large_airport,Sioux Gateway Col. Bud Day Field,42.40259933,-96.38439941,1098,Sioux City,SUX,
medium_airport,Yellowstone Airport,44.68840027,-111.1179962,6649,West Yellowstone,WYS,
medium_airport,Nantucket Memorial Airport,41.25310135,-70.06020355,47,Nantucket,ACK,
small_airport,Martha's Vineyard Airport,41.39310074,-70.61430359,67,Martha's Vineyard,MVY,
medium_airport,Dillingham Airport,59.04470062,-158.5050049,81,Dillingham,DLG,
medium_airport,King Salmon Airport,58.67679977,-156.6490021,73,King Salmon,AKN,
medium_airport,Gustavus Airport,58.4253006,-135.7070007,35,Gustavus,GST,
large_airport,Joplin Regional Airport,37.15179825,-94.49829865,981,Joplin,JLN,
medium_airport,Barnstable Municipal Boardman Polando Field,41.66930008,-70.28040314,54,Hyannis,HYA,
medium_airport,North Central West Virginia Airport,39.29660034,-80.22810364,1217,Clarksburg,CKB,
small_airport,Pueblo Memorial Airport,38.28910065,-104.4970016,4726,Pueblo,PUB,
medium_airport,Quincy Regional Baldwin Field,39.94269943,-91.19460297,768,Quincy,UIN,
medium_airport,Cape Girardeau Regional Airport,37.22529984,-89.57080078,342,Cape Girardeau,CGI,
medium_airport,Stillwater Regional Airport,36.16120148,-97.08570099,1000,Stillwater,SWO,http://stillwater.org/government/city_facilities/stillwater_regional_airport/
medium_airport,Hagerstown Regional Richard A Henson Field,39.707901,-77.72949982,703,Hagerstown,HGR,
large_airport,Orlando Sanford International Airport,28.77759933,-81.23750305,55,Orlando,SFB,
medium_airport,St Petersburg Clearwater International Airport,27.91020012,-82.68740082,11,St Petersburg-Clearwater,PIE,
large_airport,Chicago Rockford International Airport,42.19540024,-89.09719849,742,Chicago/Rockford,RFD,
medium_airport,Owensboro Daviess County Airport,37.74010086,-87.16680145,407,Owensboro,OWB,
medium_airport,Phoenix-Mesa-Gateway Airport,33.30780029,-111.6549988,1382,Phoenix,AZA,http://www.flywga.org/
large_airport,Tri-State/Milton J. Ferguson Field,38.36669922,-82.55799866,828,Huntington,HTS,
large_airport,Scott AFB/Midamerica Airport,38.5452,-89.835197,459,Belleville,BLV,
small_airport,Concord-Padgett Regional Airport,35.387798,-80.709099,705,Concord,USA,http://www.concordnc.gov/Departments/Concord-Regional-Airport
large_airport,Rickenbacker International Airport,39.813801,-82.927803,744,Columbus,LCK,http://rickenbackerinlandport.com/en/rickenbacker-international-airport/
medium_airport,Stockton Metropolitan Airport,37.89419937,-121.237999,33,Stockton,SCK,http://www.sjgov.org/airport/
medium_airport,Portsmouth International at Pease Airport,43.07789993,-70.82330322,100,Portsmouth,PSM,
small_airport,Ogdensburg International Airport,44.68190002,-75.46549988,297,Ogdensburg,OGS,
medium_airport,Youngstown Warren Regional Airport,41.26070023,-80.67910004,1192,Youngstown/Warren,YNG,
medium_airport,Provo Municipal Airport,40.21920013,-111.7229996,4497,Provo,PVU,http://www.provo.org/city-services/airport
medium_airport,St Cloud Regional Airport,45.54660034,-94.05989838,1031,St Cloud,STC,
medium_airport,University of Illinois Willard Airport,40.03919983,-88.27809906,755,Champaign/Urbana,CMI,
large_airport,Dubuque Regional Airport,42.40200043,-90.70950317,1077,Dubuque,DBQ,
medium_airport,Tweed New Haven Airport,41.26369858,-72.88680267,12,New Haven,HVN,
medium_airport,Lynchburg Regional Preston Glenn Field,37.3266983,-79.20040131,938,Lynchburg,LYH,
medium_airport,Santa Maria Pub/Capt G Allan Hancock Field,34.89889908,-120.4570007,261,Santa Maria,SMX,
medium_airport,Ogden Hinckley Airport,41.19589996,-112.012001,4473,Ogden,OGD,http://flyogden.com/
medium_airport,Florence Regional Airport,34.1853981,-79.72389984,146,Florence,FLO,
medium_airport,Western Neb. Rgnl/William B. Heilig Airport,41.87400055,-103.5960007,3967,Scottsbluff,BFF,
medium_airport,North Platte Regional Airport Lee Bird Field,41.12620163,-100.6839981,2777,North Platte,LBF,
medium_airport,Liberal Mid-America Regional Airport,37.0442009,-100.9599991,2885,Liberal,LBL,
medium_airport,Pitt Greenville Airport,35.6352005,-77.38529968,26,Greenville,PGV,
medium_airport,Greenbrier Valley Airport,37.85829926,-80.39949799,2302,Lewisburg,LWB,
small_airport,Shenandoah Valley Regional Airport,38.26380157,-78.89640045,1201,Staunton/Waynesboro/Harrisonburg,SHD,
medium_airport,Salina Municipal Airport,38.79100037,-97.65219879,1288,Salina,SLN,
small_airport,Canyonlands Field,38.75500107,-109.7549973,4557,Moab,CNY,
medium_airport,Vernal Regional Airport,40.4408989,-109.5100021,5278,Vernal,VEL,
small_airport,Branson Airport,36.532082,-93.200544,1302,Branson,BKG,http://flybranson.com/
small_airport,Hilton Head Airport,32.22439957,-80.69750214,19,Hilton Head Island,HHH,
medium_airport,Ernest A. Love Field,34.65449905,-112.4199982,5045,Prescott,PRC,
small_airport,Kearney Regional Airport,40.72700119,-99.00679779,2131,Kearney,EAR,
medium_airport,Del Rio International Airport,29.37420082,-100.927002,1002,Del Rio,DRT,http://www.cityofdelrio.com/index.aspx?NID=412
medium_airport,Cheyenne Regional Jerry Olson Field,41.15570068,-104.8119965,6159,Cheyenne,CYS,
medium_airport,Watertown International Airport,43.9919014,-76.021698,325,Watertown,ART,
